rank	graph_city_slug
1	westmount
2	saint-lambert
3	hampstead
4	mont-royal
5	montreal-ouest
6	cote-saint-luc
7	longueuil
8	brossard
9	sainte-catherine
10	la-prairie
11	delson
12	candiac
13	montreal-est
14	boucherville
15	dorval
16	lile-dorval
17	saint-constant
18	saint-bruno-de-montarville
19	carignan
20	dollard-des-ormeaux
21	pointe-claire
22	saint-philippe
23	saint-mathieu
24	chateauguay
25	sainte-julie
26	saint-basile-le-grand
27	chambly
28	rosemere
29	varennes
30	kirkland
31	bois-des-filion
32	saint-isidore--roussillon
33	beaconsfield
34	lorraine
35	lery
36	mercier
37	charlemagne
38	boisbriand
39	deux-montagnes
40	mcmasterville
41	sainte-therese
42	saint-mathias-sur-richelieu
43	saint-mathieu-de-beloeil
44	saint-amable
45	terrebonne
46	saint-remi
47	otterburn-park
48	saint-jacques-le-mineur
49	richelieu
50	beloeil
51	baie-durfe
52	sainte-marthe-sur-le-lac
53	saint-jean-sur-richelieu
54	mascouche
55	saint-eustache
56	notre-dame-de-lile-perrot
57	repentigny
58	saint-edouard
59	sainte-anne-de-bellevue
60	saint-michel
61	blainville
62	pointe-calumet
63	mont-saint-hilaire
64	senneville
65	marieville
66	lile-perrot
67	vercheres
68	saint-marc-sur-richelieu
69	sainte-martine
70	beauharnois
71	sainte-anne-des-plaines
72	saint-urbain-premier
73	terrasse-vaudreuil
74	saint-joseph-du-lac
75	saint-jean-baptiste
76	pincourt
77	calixa-lavallee
78	lile-cadieux
79	pointe-des-cascades
80	saint-charles-sur-richelieu
81	napierville
82	vaudreuil-sur-le-lac
83	saint-blaise-sur-richelieu
84	mont-saint-gregoire
85	sainte-madeleine
86	saint-cyprien-de-napierville
87	saint-patrice-de-sherrington
88	saint-roch-de-lachigan
89	sainte-angele-de-monnoir
90	lepiphanie
91	oka
92	sainte-marie-madeleine
93	saint-etienne-de-beauharnois
94	sainte-clotilde
95	vaudreuil-dorion
96	rougemont
97	saint-roch-ouest
98	saint-sulpice
99	lassomption
100	howick
101	mirabel
102	sainte-anne-de-sabrevois
103	saint-lin-laurentides
104	saint-damase--les-maskoutains
105	saint-antoine-sur-richelieu
106	saint-denis-sur-richelieu
107	tres-saint-sacrement
108	la-presentation
109	sainte-brigide-diberville
110	les-cedres
111	saint-esprit
112	saint-valentin
113	sainte-sophie
114	hudson
115	saint-alexandre
116	saint-chrysostome
117	hemmingford--les-jardins-de-napierville
118	saint-cesaire
119	saint-paul-de-lile-aux-noix
120	saint-louis-de-gonzague--beauharnois-salaberry
121	salaberry-de-valleyfield
122	saint-lazare
123	saint-bernard-de-lacolle
124	saint-alexis
125	sainte-marie-salome
126	lavaltrie
127	contrecoeur
128	henryville
129	saint-jerome
130	saint-placide
131	saint-jacques
132	hemmingford--les-jardins-de-napierville--2
133	saint-colomban
134	saint-hyacinthe
135	lacolle
136	saint-sebastien--le-haut-richelieu
137	saint-paul
138	saint-pie
139	havelock
140	sainte-sabine--brome-missisquoi
141	saint-bernard-de-michaudville
142	crabtree
143	coteau-du-lac
144	sainte-julienne
145	farnham
146	saint-paul-dabbotsford
147	saint-clet
148	saint-roch-de-richelieu
149	saint-jude
150	noyan
151	ormstown
152	ange-gardien
153	saint-ours
154	prevost
155	saint-stanislas-de-kostka
156	saint-calixte
157	saint-barnabe-sud
158	notre-dame-de-stanbridge
159	franklin
160	saint-pierre
161	saint-liguori
162	saint-hippolyte
163	venise-en-quebec
164	clarenceville
165	joliette
166	les-coteaux
167	saint-dominique
